{
  "colleges": {
    "ALR": {
      "name": "Alumni Relations",
      "email": "alumni@kent.edu",
      "phone": "330-672-5368",
      "social_handle": "ksualumni",
      "header_image": "ALR_generic_header_WHITE.png",
      "header_link": "https://www.kent.edu/alumni-and-giving",
      "button_style": "standard"
    },
    "CEH": {
      "name": "College of Education, Health and Human Services",
      "email": "ehhsdean@kent.edu",
      "phone": "330-672-2202",
      "social_handle": "kentstateehhs",
      "header_image": "CEH_header_WHITE.png",
      "header_link": "https://www.kent.edu/ehhs",
      "button_style": "standard"
    },
    "CON": {
      "name": "College of Nursing",
      "email": "nursing@kent.edu",
      "phone": "330-672-7930",
      "social_handle": "kentnursing",
      "header_image": "CON_header_WHITE.png",
      "header_link": "https://www.kent.edu/nursing",
      "button_style": "standard"
    },
    "CPH": {
      "name": "College of Public Health",
      "email": "publichealth@kent.edu",
      "phone": "330-672-6500",
      "social_handle": "KentCPH",
      "header_image": "CPH_header_WHITE.png",
      "header_link": "https://www.kent.edu/publichealth",
      "button_style": "standard"
    },
    "DIA": {
      "name": "Division of Intercollegiate Athletics",
      "email": "thegoldenflashesclub@kent.edu",
      "phone": "330-672-2078",
      "social_handle": "thegoldenflashesclub",
      "header_image": null,
      "header_link": "https://kentstatesports.com",
      "button_style": "standard",
      "notes": "Custom header per email. Uses 10_DIA_EVENT_INVITE template. Footer has 40px social icons.",
      "footer_links": {
        "update": "https://connect.kent.edu/register/athletics-preferences?person={{Person-GUID}}",
        "give": "https://flashes.givetokent.org/campaign/kent-state-athletics/c390897",
        "visit": "https://kentstatesports.com"
      },
      "social_platforms": ["facebook", "x", "instagram", "youtube", "linkedin"]
    },
    "DPAE": {
      "name": "Division of Philanthropy and Alumni Engagement",
      "email": "advancement@kent.edu",
      "phone": "330-672-2222",
      "social_handle": "ksualumni",
      "header_image": null,
      "header_link": "https://www.kent.edu/alumni-and-giving",
      "button_style": "standard"
    },
    "KSF": {
      "name": "Kent State Foundation",
      "email": "philanthropy@kent.edu",
      "phone": "330-672-2218",
      "social_handle": "ksualumni",
      "header_image": "KSF_header_WHITE.png",
      "header_link": "https://www.kent.edu/alumni-and-giving",
      "button_style": "standard"
    },
    "OGE": {
      "name": "Office of Global Education",
      "email": "global@kent.edu",
      "phone": "330-672-7980",
      "social_handle": "ksuoglobal",
      "header_image": "OGE_header_WHITE.png",
      "header_link": "https://www.kent.edu/globaleducation",
      "button_style": "oge",
      "notes": "Uses mid-blue (#4994CB) buttons with white text instead of gold"
    },
    "IEV": {
      "name": "Institutional Events",
      "email": "events@kent.edu",
      "phone": "330-672-2899",
      "social_handle": "ksualumni",
      "header_image": "KSU_header_BLUE.png",
      "header_link": "https://www.kent.edu",
      "button_style": "standard"
    },
    "CAE": {
      "name": "College of Aeronautics and Engineering",
      "email": "cae@kent.edu",
      "phone": "330-672-2892",
      "social_handle": "kentstatecae",
      "header_image": "CAE_header_WHITE.png",
      "header_link": "https://www.kent.edu/cae",
      "button_style": "standard"
    },
    "COA": {
      "name": "College of the Arts",
      "email": "thearts@kent.edu",
      "phone": "330-672-2760",
      "social_handle": "kentstatearts",
      "header_image": "COA_header_WHITE.png",
      "header_link": "https://www.kent.edu/thearts",
      "button_style": "standard"
    },
    "CBA": {
      "name": "Ambassador Crawford College of Business and Entrepreneurship",
      "email": "business@kent.edu",
      "phone": "330-672-2282",
      "social_handle": "kentstatebusiness",
      "header_image": "CBA_header_WHITE.png",
      "header_link": "https://www.kent.edu/business",
      "button_style": "standard"
    }
  },
  "button_styles": {
    "standard": {
      "background": "#EFAB00",
      "text": "#003976"
    },
    "oge": {
      "background": "#4994CB",
      "text": "#FFFFFF"
    }
  },
  "default_footer_links": {
    "update": "https://connect.kent.edu/portal/",
    "give": "https://givetokent.org/",
    "visit": "https://www.kent.edu/alumni-and-giving"
  }
}
